chromosome,position,ref,alt,quality
NC_000913.3,25924,A,C,5.04598
NC_000913.3,48518,A,G,13.6078
NC_000913.3,79545,C,G,18.4764
NC_000913.3,79551,G,C,18.4764
NC_000913.3,79552,C,G,18.4764
NC_000913.3,224781,C,T,67.9172
NC_000913.3,224788,G,A,67.9172
NC_000913.3,925764,T,C,30.4183
NC_000913.3,1045437,C,T,5.04598
NC_000913.3,1317384,C,G,21.4455
NC_000913.3,2999016,A,T,5.75677
NC_000913.3,2999017,G,C,5.75677
NC_000913.3,3061293,T,C,6.51248
NC_000913.3,3061296,A,G,6.51248
NC_000913.3,3061297,A,G,6.51248
NC_000913.3,3061305,T,G,6.51248
NC_000913.3,3061308,G,C,5.75677
NC_000913.3,3061320,T,C,6.51248
NC_000913.3,3061326,A,C,6.51248
NC_000913.3,3663344,T,G,11.7172
NC_000913.3,3663353,T,C,25.4267
NC_000913.3,3663356,T,C,25.4267
NC_000913.3,4057852,A,G,30.4183
NC_000913.3,4057856,C,G,30.4183
NC_000913.3,4057858,T,C,30.4183
NC_000913.3,4057868,C,G,3.22451
NC_000913.3,4057870,A,G,6.51248
NC_000913.3,4057885,A,G,8.13869
NC_000913.3,4185039,C,T,30.4183
NC_000913.3,4185054,C,T,30.4183
NC_000913.3,4185057,G,A,30.4183
NC_000913.3,4204039,T,C,30.4183
NC_000913.3,4204045,T,C,30.4183
NC_000913.3,4317425,G,C,20.4535
